,Name,Status
0,0048afb8-b950-4c57-9e72-7e26282327ee___JR_HL 9765_final_masked.jpg,healthy
1,0086a8c7-1440-423e-939d-d0567b1fc4e4___JR_HL 4277_final_masked.jpg,healthy
2,011f07d1-8813-4a63-99c7-e274ab5cc261___JR_HL 4165_final_masked.jpg,healthy
3,014161fb-3c15-414b-9af3-00cb51a11d7c___JR_HL 9842_final_masked.jpg,healthy
4,01958ee7-f585-4956-90aa-a40dc79102d4___JR_HL 9836_final_masked.jpg,healthy
5,02818f40-58e6-4c7d-bfbc-372d89b2045b___JR_HL 4259_final_masked.jpg,healthy
6,036b575a-cbe7-45a4-8b97-15b7ecdf3dee___JR_HL 9600_final_masked.jpg,healthy
7,04189592-5db7-441e-a831-eaaa2d7f5d21___JR_HL 9867_final_masked.jpg,healthy
8,0438b691-45f8-4251-83bd-8344656716a1___JR_HL 4152_final_masked.jpg,healthy
9,04585023-ef52-4b9d-9763-50318773c5d7___JR_HL 9791_final_masked.jpg,healthy
10,048daa26-d38c-477a-96b8-018b3d4ba386___JR_HL 9767_final_masked.jpg,healthy
11,050b598c-9105-4838-8996-101568d6941e___JR_HL 9732_final_masked.jpg,healthy
12,0580bdc7-e60e-4ba9-87dc-1202e57b94aa___JR_HL 4159_final_masked.jpg,healthy
13,06904803-b778-4d54-b7ac-fd3f28cc82d9___JR_HL 9820_final_masked.jpg,healthy
14,069996a8-8cdb-4837-a5fe-c5a957b5677a___JR_HL 3938_final_masked.jpg,healthy
15,077273c0-4325-45d9-995e-20b060eab6bf___JR_HL 9494_final_masked.jpg,healthy
16,085e9f8b-9574-4b6f-a8e9-309a35c94b25___JR_HL 9755_final_masked.jpg,healthy
17,088b245d-2b68-4d2b-b7fe-0e9fc42131d3___JR_HL 4132_final_masked.jpg,healthy
18,0982e1cc-78e8-4bb0-8969-c534e5b0b14b___JR_HL 4097_final_masked.jpg,healthy
19,1075f5f1-8cfe-420a-a65d-7c3399b63f39___JR_HL 9827_final_masked.jpg,healthy
20,10d6609b-e358-456c-801d-942c657ed53e___JR_HL 9482_final_masked.jpg,healthy
21,1122ce37-d8a9-451e-b78c-841200726e0b___JR_HL 4204_final_masked.jpg,healthy
22,11c2887d-1fea-4cf8-8696-325de8aad74a___JR_HL 9890_final_masked.jpg,healthy
23,11d25451-c4c7-495d-87a4-9cb08f5934b1___JR_HL 4206_final_masked.jpg,healthy
24,124e5b7b-dc6a-4b5a-8f4e-b22ed738b5fc___JR_HL 9455_final_masked.jpg,healthy
25,12dde15a-67a7-47e0-a066-6dd2353a91e8___JR_HL 4059_final_masked.jpg,healthy
26,1323484b-3af9-4ef3-bd2d-a26360c77a49___JR_HL 4032_final_masked.jpg,healthy
27,1344cdd8-d33e-48a3-bf96-6a388e6b4fb6___JR_HL 9858_final_masked.jpg,healthy
28,135f64b7-91ed-40b5-a27b-9a8a602001ec___JR_HL 9878 copy_final_masked.jpg,healthy
29,1362d69c-5a63-4c71-97e9-1df4140ffa42___JR_HL 9662_final_masked.jpg,healthy
30,141d550c-95f0-45eb-8196-8886f0b1acd6___JR_HL 4000_final_masked.jpg,healthy
31,14587235-050f-4195-bf73-2def7dffb7e6___JR_HL 9465_final_masked.jpg,healthy
32,146525c6-e0e4-4296-b0cc-f08f41bd10b8___JR_HL 9864_final_masked.jpg,healthy
33,14a60696-ce0e-4180-840e-3e7e5ebe3d48___JR_HL 4150_final_masked.jpg,healthy
34,14a76290-53c4-46ab-a171-7f2dbf2b13aa___JR_HL 9685_final_masked.jpg,healthy
35,151c23f5-9206-4950-953e-51b4f6c6e716___JR_HL 9878_final_masked.jpg,healthy
36,1569c85f-1995-4dc3-8ffd-663c932f6367___JR_HL 4042_final_masked.jpg,healthy
37,15ad69af-6eeb-4c2e-a917-7e0797e5b947___JR_HL 9611_final_masked.jpg,healthy
38,15b7d0a2-f9de-436b-92e4-7b1c2993984c___JR_HL 4250_final_masked.jpg,healthy
39,15b8341a-ccad-4e01-be86-01bec89089d2___JR_HL 9474_final_masked.jpg,healthy
40,161f9887-e025-4980-a2c3-811067f4b546___JR_HL 9698_final_masked.jpg,healthy
41,162dc895-00e6-4f02-ab49-a7030ec8984d___JR_HL 9445_final_masked.jpg,healthy
42,166c5514-2f57-49f6-be88-944016164241___JR_HL 9717_final_masked.jpg,healthy
43,1670e4fb-3f6e-4c6e-ae26-dc89663db582___JR_HL 9814_final_masked.jpg,healthy
44,167f246d-d93a-4a00-bcb0-5b189400a0ee___JR_HL 9547_final_masked.jpg,healthy
45,16952b2d-daf9-47c6-b15e-c2c465bd5cf0___JR_HL 9882_final_masked.jpg,healthy
46,16bbe776-cc47-444a-8324-246c97d61ce6___JR_HL 4061_final_masked.jpg,healthy
47,170d5af5-538b-4cf3-b344-de385bc254f8___JR_HL 4149_final_masked.jpg,healthy
48,1716865b-73f8-4636-8a50-a9edc47aabfc___JR_HL 9782_final_masked.jpg,healthy
49,17c449c1-f296-4cb3-8d12-156b27d2981a___JR_HL 9703_final_masked.jpg,healthy
50,17ced140-3575-471d-9a52-9d37a9e4fccd___JR_HL 4266_final_masked.jpg,healthy
51,17d3b0b7-b847-4510-a2e0-30b9314284f3___JR_HL 9556_final_masked.jpg,healthy
52,183e009f-456d-45f3-8f1a-efe984123983___JR_HL 4091_final_masked.jpg,healthy
53,185054fb-77dd-4c64-8d76-d1f061da173f___JR_HL 9797_final_masked.jpg,healthy
54,18854838-ea2e-4b85-8d17-ec1165f0bc36___JR_HL 3985_final_masked.jpg,healthy
55,18dd1c4b-ea49-49b7-9334-ad61763babd4___JR_HL 4297_final_masked.jpg,healthy
56,18e3c122-617d-4eea-abe5-81e910e58a3c___JR_HL 9830_final_masked.jpg,healthy
57,190c64b8-b621-4b74-b5f3-f6576fd46cf5___JR_HL 4315_final_masked.jpg,healthy
58,1958f859-69e4-4360-be0f-13e5be717a2d___JR_HL 4202_final_masked.jpg,healthy
59,198c3d64-e955-404c-9f95-8a19f7cb5f33___JR_HL 9527_final_masked.jpg,healthy
60,204b913d-7c61-43aa-a805-69dd7bd19933___JR_HL 3924_final_masked.jpg,healthy
61,2090ddbb-9efc-4954-8971-432fa56dbd6f___JR_HL 4269_final_masked.jpg,healthy
62,21910dbe-fd1f-4fd3-8925-9e006147455e___JR_HL 9739_final_masked.jpg,healthy
63,21d09e46-a1f7-447b-8b15-2e48fb914825___JR_HL 9593_final_masked.jpg,healthy
64,220a359f-3d06-41fe-9c8d-e5da7d5c426f___JR_HL 4308_final_masked.jpg,healthy
65,22211122-0939-4bf9-b006-acf797767aff___JR_HL 9644_final_masked.jpg,healthy
66,229c7cc9-9dd9-4db0-af74-f8499d206abf___JR_HL 9489_final_masked.jpg,healthy
67,22cbfe56-85b9-4e13-8a75-faaddd496d26___JR_HL 4197_final_masked.jpg,healthy
68,23066177-8deb-44c9-8180-d38348f63c18___JR_HL 9492_final_masked.jpg,healthy
69,24695149-1c3d-406e-8468-086d5020a7a5___JR_HL 4282_final_masked.jpg,healthy
70,24b19cb2-3c70-4ce7-9001-e2a1af47d5f2___JR_HL 4261_final_masked.jpg,healthy
71,24cff2cf-14e7-4c20-929a-ea2001d8de38___JR_HL 9639_final_masked.jpg,healthy
72,25140b1a-d1c0-4ac1-866b-fbe396d2ae08___JR_HL 9855_final_masked.jpg,healthy
73,255be8f3-8c41-4b23-a4c2-138f9bf79f39___JR_HL 9706_final_masked.jpg,healthy
74,25aa393f-5278-4538-a526-c4b4d0290df9___JR_HL 9512_final_masked.jpg,healthy
75,25dd43a5-9a2b-4051-abdc-1f3a6311915a___JR_HL 9516_final_masked.jpg,healthy
76,263640d8-3279-4568-998c-e98f6e991b44___JR_HL 9865_final_masked.jpg,healthy
77,263c668e-176b-4e17-8065-37083fb8607b___JR_HL 4146_final_masked.jpg,healthy
78,265e6ba0-bc39-4766-86ad-953bf1d5567b___JR_HL 9438_final_masked.jpg,healthy
79,26ec5c89-12f2-4aff-9ce1-b92028ff6885___JR_HL 4116_final_masked.jpg,healthy
80,26f3d1b1-10a5-4e25-875c-e64b391e11bc___JR_HL 4068_final_masked.jpg,healthy
81,271c42ee-ce8e-4cd6-90bf-095d7dcd7b18___JR_HL 4028_final_masked.jpg,healthy
82,276ae5a6-460d-4a22-af95-0a4f8182610e___JR_HL 4222_final_masked.jpg,healthy
83,27ab799c-5868-4386-8891-6b4ae53fa725___JR_HL 9794_final_masked.jpg,healthy
84,27e2013d-3a3d-447c-b4c6-92ca1d3ed03d___JR_HL 9891_final_masked.jpg,healthy
85,27e87eee-b10f-4eee-a4fe-3f30561636d0___JR_HL 9577_final_masked.jpg,healthy
86,283fd55e-3c11-4eaf-b3c5-ab2a05d35287___JR_HL 3990_final_masked.jpg,healthy
87,2861b3da-c5e4-4aeb-8f1e-0d1861bf50c1___JR_HL 9829_final_masked.jpg,healthy
88,286e7fe9-9df9-4876-9fdf-107a06da6eea___JR_HL 9605_final_masked.jpg,healthy
89,28821198-5ac9-45e1-a5d7-37d58258a58a___JR_HL 9543_final_masked.jpg,healthy
90,28afb0d3-8bc6-4d22-9679-f128eeedf52b___JR_HL 4214_final_masked.jpg,healthy
91,28dcd2d6-3ce5-447b-ac11-ef86f4e1a2f7___JR_HL 9660_final_masked.jpg,healthy
92,314c9e52-d530-4d1e-8115-f2ddc4b991f7___JR_HL 9860_final_masked.jpg,healthy
93,3174d49f-1233-40f0-a0cd-e90abaea175f___JR_HL 9890 copy_final_masked.jpg,healthy
94,318dfc8b-46ee-43cd-9fa5-7bdb8c022e4b___JR_HL 9840_final_masked.jpg,healthy
95,319abe40-ce3e-485c-8651-6c98f5f06e69___JR_HL 4069_final_masked.jpg,healthy
96,31ca812a-76c6-4010-953a-ebb96d705b74___JR_HL 4005_final_masked.jpg,healthy
97,3234e174-67e1-47ed-9240-0d0091b5378d___JR_HL 9567_final_masked.jpg,healthy
98,326920ea-c28f-4444-a893-e3b00ecc5915___JR_HL 4198_final_masked.jpg,healthy
99,328813fb-93bc-4673-9eaf-dc4e243d0418___JR_HL 3933_final_masked.jpg,healthy
100,32c38f0d-bc33-4579-b0d0-76305106d325___JR_HL 4291_final_masked.jpg,healthy
101,32f80959-fec7-4f33-a205-28e3f8b7a277___JR_HL 9682_final_masked.jpg,healthy
102,334e9c97-03ce-4ad6-96dc-16c92578d63d___JR_HL 9525_final_masked.jpg,healthy
103,33641b67-ce5a-475d-bc5d-50d276c5b9f3___JR_HL 9742_final_masked.jpg,healthy
104,33ebcc8a-b2a9-4ae0-b95a-670e01b81c01___JR_HL 9694_final_masked.jpg,healthy
105,33f621c0-3ee3-4263-9eeb-a2d0916f2315___JR_HL 9506_final_masked.jpg,healthy
106,33fa5349-1348-4b48-9677-f1dfdff20474___JR_HL 3951_final_masked.jpg,healthy
107,344ccdfc-3269-4b18-aeb8-a57fbd8b5de3___JR_HL 9541_final_masked.jpg,healthy
108,3465ffb4-8097-454b-a471-f572fdc1da00___JR_HL 9664_final_masked.jpg,healthy
109,3497869b-8eef-41c9-86fc-7a3bbbdd29d5___JR_HL 9551_final_masked.jpg,healthy
110,34e05c4f-6742-442e-884e-ef3191eb923b___JR_HL 4049_final_masked.jpg,healthy
111,34f94b3b-3485-4252-99e5-c5daad6da83f___JR_HL 9803_final_masked.jpg,healthy
112,3500f3de-9634-48fa-b032-3104b4863619___JR_HL 9661_final_masked.jpg,healthy
113,35378286-4360-4041-aa11-43a90cfa9521___JR_HL 3937_final_masked.jpg,healthy
114,35457722-0a92-4019-906e-5f7933f326d7___JR_HL 4056_final_masked.jpg,healthy
115,35e0b67e-8938-41f4-867b-aeca88436722___JR_HL 4281_final_masked.jpg,healthy
116,36232566-e010-45c3-a25b-62fb7ec8bffc___JR_HL 9572_final_masked.jpg,healthy
117,366da366-4749-4815-b834-059c52d39160___JR_HL 9883_final_masked.jpg,healthy
118,369cfeb8-b361-454f-acdd-c7a1f35cf8fd___JR_HL 9721_final_masked.jpg,healthy
119,36a18c6b-0437-43b1-b84d-ce9f423e9421___JR_HL 9627_final_masked.jpg,healthy
120,36d00ba4-ce07-4c30-b5cf-416c13d22a47___JR_HL 9804_final_masked.jpg,healthy
121,3701b877-df2b-49cd-9bb9-066dd6f2f206___JR_HL 9734_final_masked.jpg,healthy
122,37031cef-9105-4a23-9282-86bcdbdbb4ac___JR_HL 4151_final_masked.jpg,healthy
123,370f1afd-57db-4b5f-988a-fe23851a135f___JR_HL 9499_final_masked.jpg,healthy
124,376a2a7e-8e4f-42ac-a961-3bffb4d37d53___JR_HL 4237_final_masked.jpg,healthy
125,37aa9cca-5c9e-4fd7-b668-c4df93c26b17___JR_HL 9720_final_masked.jpg,healthy
126,385e8ead-27ad-4c17-a553-5a55788936d3___JR_HL 9889_final_masked.jpg,healthy
127,38623e82-f2ee-424c-98b4-aabefd6cc8fe___JR_HL 4010_final_masked.jpg,healthy
128,391518cc-e8d0-423f-8c18-31b10c64dbc0___JR_HL 9888 copy_final_masked.jpg,healthy
129,39d6a038-a6f1-4bff-934c-dabb4496e691___JR_HL 4008_final_masked.jpg,healthy
130,39d74098-3be8-4fcf-80a2-64609f5c140f___JR_HL 4089_final_masked.jpg,healthy
131,40a66eb2-5cf5-44d2-8ce2-7a7e4321295a___JR_HL 4083_final_masked.jpg,healthy
132,40dce93a-7697-4c0d-b37d-e3147c7ece78___JR_HL 9464_final_masked.jpg,healthy
133,41004b52-7935-4db2-80b1-9c7b5dfe03c8___JR_HL 9880_final_masked.jpg,healthy
134,411cf812-3f38-409e-88d3-9d36e7cc3d5b___JR_HL 4052_final_masked.jpg,healthy
135,415fdea5-432a-449a-8071-06ff01742307___JR_HL 9798_final_masked.jpg,healthy
136,4177806e-bc6e-42b9-9138-94869d13b728___JR_HL 3941_final_masked.jpg,healthy
137,418fb46a-4ace-4f51-b85b-a3885275fe96___JR_HL 9837_final_masked.jpg,healthy
138,41a30be4-4d7a-43ef-8f2a-5ada38561423___JR_HL 9641_final_masked.jpg,healthy
139,41bc3cc1-3d62-4829-ae39-0cf0efb5b1dd___JR_HL 3969_final_masked.jpg,healthy
140,41f17695-d346-4824-a76d-a0f22cf6cb05___JR_HL 9700_final_masked.jpg,healthy
141,41f5385e-d509-4178-80f2-730cb5ec4871___JR_HL 9552_final_masked.jpg,healthy
142,42050e7c-4235-49fe-aaf6-af4ab80d60b2___JR_HL 9776_final_masked.jpg,healthy
143,42a55bb4-52e8-442d-a2cc-60ff645d5db9___JR_HL 9708_final_masked.jpg,healthy
144,42b0ba85-114f-48df-b8dd-b32fdf384bd8___JR_HL 4093_final_masked.jpg,healthy
145,4324591b-b9e1-4fb8-a231-a2b42fab0e8d___JR_HL 9773_final_masked.jpg,healthy
146,441cc99c-82de-4529-a41b-98af64d30f01___JR_HL 9437_final_masked.jpg,healthy
147,443dc8a7-e035-40b3-8e5e-e23798d4817d___JR_HL 9874_final_masked.jpg,healthy
148,44d80d9e-aa06-4987-acf0-a0ea69eb0982___JR_HL 9497_final_masked.jpg,healthy
149,456af412-3d01-4046-b2a7-1283a2121d07___JR_HL 9498_final_masked.jpg,healthy
150,457ae174-5064-4736-a52b-0f78110c12eb___JR_HL 9824_final_masked.jpg,healthy
151,4588d318-6566-403c-8901-85cf834e7dc7___JR_HL 4267_final_masked.jpg,healthy
152,45be9375-1fe5-4a36-9e7e-9accc0f3b275___JR_HL 9473_final_masked.jpg,healthy
153,4606fb44-e54a-4101-80ae-2c486eda3559___JR_HL 9693_final_masked.jpg,healthy
154,46453b7e-1b79-468b-9678-e761d6967c66___JR_HL 9746_final_masked.jpg,healthy
155,465c6766-6de2-4923-8560-ce0e265e88b2___JR_HL 9766_final_masked.jpg,healthy
156,472fd482-aec7-4e73-86d1-7161f6a5024b___JR_HL 4178_final_masked.jpg,healthy
157,47c3230c-dc1e-4787-a533-2b5afc0cdffa___JR_HL 9491_final_masked.jpg,healthy
158,48476597-1b5c-4d55-bd30-80059a2356bf___JR_HL 9674_final_masked.jpg,healthy
159,484ade57-5dd0-4764-b379-5a0e684afd81___JR_HL 9580_final_masked.jpg,healthy
160,48a91ca3-c944-4b2b-9068-8f5d77c4dc14___JR_HL 9487_final_masked.jpg,healthy
161,493e0085-4c40-42a4-b580-32e81f0585fa___JR_HL 9851_final_masked.jpg,healthy
162,49547074-60cf-4924-b6a3-4c70baf60186___JR_HL 4189_final_masked.jpg,healthy
163,4998a03a-2eca-4b0f-9c66-bdb616b88076___JR_HL 4154_final_masked.jpg,healthy
164,49cab9b4-2390-4636-9253-89f1c574f34b___JR_HL 9608_final_masked.jpg,healthy
165,501a9e53-250c-4ba7-b216-2295f4883aba___JR_HL 9575_final_masked.jpg,healthy
166,50a406be-c648-44a6-9021-98d6359f7aec___JR_HL 4134_final_masked.jpg,healthy
167,50e00976-7b86-4fe4-b413-dc7f6d82694f___JR_HL 3953_final_masked.jpg,healthy
168,5145073c-b7b7-4127-b856-860a402ddd30___JR_HL 4191_final_masked.jpg,healthy
169,5148b411-12e9-4e96-b6b7-f1820ab1f9c4___JR_HL 9557_final_masked.jpg,healthy
170,515f8058-9e91-4b9a-b74a-deb114fc3f39___JR_HL 9444_final_masked.jpg,healthy
171,517b275d-ef1e-49b1-be9e-c7dcc95dab00___JR_HL 3988_final_masked.jpg,healthy
172,517bc4a7-6519-4325-8b48-06884b110af7___JR_HL 9571_final_masked.jpg,healthy
173,5248fd97-c794-4d16-b797-957d851da129___JR_HL 9892 copy_final_masked.jpg,healthy
174,526183a5-014f-45d9-bf33-38fccd93dcf2___JR_HL 4309_final_masked.jpg,healthy
175,527a0f49-31af-413b-b1b7-f7abd7095df9___JR_HL 4306_final_masked.jpg,healthy
176,534159ca-ce41-470a-bce3-729af336d250___JR_HL 9809_final_masked.jpg,healthy
177,53e48eeb-608e-4660-9297-a5ff6f193e48___JR_HL 9792_final_masked.jpg,healthy
178,546768e6-1a6b-4489-85e7-1fa6e87072d3___JR_HL 3931_final_masked.jpg,healthy
179,546e460b-681e-48a3-b05f-4c9aa3a3b2b1___JR_HL 9604_final_masked.jpg,healthy
180,54dc1419-0abe-4289-9944-f087be1dadc8___JR_HL 4181_final_masked.jpg,healthy
181,5532a755-1cdd-4257-a188-aa8444e79f06___JR_HL 4305_final_masked.jpg,healthy
182,554b79b3-81fb-4647-969e-14315d684d62___JR_HL 4276_final_masked.jpg,healthy
183,559408d6-2cd2-4fdb-9f45-fe0f7c23348c___JR_HL 9760_final_masked.jpg,healthy
184,55df59e1-73fb-4feb-8099-0b832bb3fb81___JR_HL 9754_final_masked.jpg,healthy
185,5719c279-f11c-49ff-8937-a0e5ce7ed537___JR_HL 9880 copy_final_masked.jpg,healthy
186,576e04b9-0ff4-483e-bbd0-185645136964___JR_HL 9429_final_masked.jpg,healthy
187,57d4402b-e444-4702-86af-f18b6f5bd705___JR_HL 9725_final_masked.jpg,healthy
188,58a35a59-b63b-446e-a405-8e2e50f28b14___JR_HL 3930_final_masked.jpg,healthy
189,58ee2770-35f5-42e8-95b4-123896328f1b___JR_HL 9684_final_masked.jpg,healthy
190,59022c11-f4f9-425c-a5c4-3b00407a4d4b___JR_HL 4304_final_masked.jpg,healthy
191,601299ca-bbd1-4c0d-b9a5-f70a03803729___JR_HL 9713_final_masked.jpg,healthy
192,6021a518-cd76-43e0-8ceb-63e9d67cb039___JR_HL 9618_final_masked.jpg,healthy
193,6108b75d-868c-4184-bb14-978dd5100fee___JR_HL 9704_final_masked.jpg,healthy
194,6252a6cd-23cf-495c-b452-518100eb243c___JR_HL 4155_final_masked.jpg,healthy
195,634c1751-431f-48f1-8759-661841fbbd4f___JR_HL 4112_final_masked.jpg,healthy
196,6383ba62-2f58-4bf0-89f0-9a9159c25aad___JR_HL 9431_final_masked.jpg,healthy
197,6385514c-b4ce-4bfb-8983-71a662e072ec___JR_HL 9727_final_masked.jpg,healthy
198,63ecc390-a252-41d1-8a4d-a6a6211833d2___JR_HL 4247_final_masked.jpg,healthy
199,64860b72-8644-4d3b-ad89-ad7f5fbcff90___JR_HL 4057_final_masked.jpg,healthy
200,657f3dbd-fb7b-43f5-919c-15950afd170b___JR_HL 9613_final_masked.jpg,healthy
201,66864f41-25b9-43f1-9f26-bc65cd325d39___JR_HL 3971_final_masked.jpg,healthy
202,66ce4359-c65f-4f55-82da-dfc2067eb67d___JR_HL 9451_final_masked.jpg,healthy
203,6799a92a-334c-4147-bc38-267abda01076___JR_HL 9441_final_masked.jpg,healthy
204,67c8172e-1360-4ee8-8e44-3e31cd381e53___JR_HL 9466_final_masked.jpg,healthy
205,68734aec-344c-4cdf-88ea-404d8cd90889___JR_HL 9625_final_masked.jpg,healthy
206,68851b6b-4572-4d7f-8df8-5c0e24479d4d___JR_HL 9461_final_masked.jpg,healthy
207,68a06d43-ca39-431a-bd8b-d7b6e716d734___JR_HL 9522_final_masked.jpg,healthy
208,68efa134-12ed-4417-add7-d1bd13f9f780___JR_HL 4137_final_masked.jpg,healthy
209,68f0e459-0938-4988-862f-893afb413d57___JR_HL 4268_final_masked.jpg,healthy
210,69de380a-4fd8-4c50-bdff-a983495dcd8c___JR_HL 4175_final_masked.jpg,healthy
211,69f4388a-774e-450b-88ae-40e21ebe18d9___JR_HL 4040_final_masked.jpg,healthy
212,705108ce-01cc-4bf5-b92b-bdd4dfd3cabd___JR_HL 4001_final_masked.jpg,healthy
213,70bab855-a953-4713-bd17-fd45933c90a0___JR_HL 9667_final_masked.jpg,healthy
214,70cd29ea-fe96-4f8e-961b-3aa02db4a014___JR_HL 4278_final_masked.jpg,healthy
215,71226c5a-bc1f-4257-9369-506e32147cea___JR_HL 4169_final_masked.jpg,healthy
216,71a6d2b0-9f29-44b2-86b4-00f7dfa5a41d___JR_HL 9658_final_masked.jpg,healthy
217,71f1ee92-e98d-41e7-b129-2f9c97331f97___JR_HL 9869_final_masked.jpg,healthy
218,72e6c2ef-5908-4be8-a26e-0261a9627466___JR_HL 4283_final_masked.jpg,healthy
219,73331ba8-0579-4620-8884-5f3c64e5212a___JR_HL 4103_final_masked.jpg,healthy
220,73528ace-e81b-4d49-abea-1b9c395feba2___JR_HL 4184_final_masked.jpg,healthy
221,7355973a-9b0b-4c5b-ab54-17fb385572f2___JR_HL 9779_final_masked.jpg,healthy
222,7369138a-5f0e-42b9-a244-67bf24f416de___JR_HL 4290_final_masked.jpg,healthy
223,743fc494-32e8-4729-af9c-679a3870922e___JR_HL 9540_final_masked.jpg,healthy
224,744ca065-3894-4cb9-83c2-33a6f46bbd39___JR_HL 4143_final_masked.jpg,healthy
225,75435566-6073-4f71-9376-0fe7e4598ae9___JR_HL 9636_final_masked.jpg,healthy
226,754be5a5-dba1-4abb-afe8-c2e75edcf883___JR_HL 3929_final_masked.jpg,healthy
227,7570daf6-28e6-4aee-8583-209160f0cd5e___JR_HL 4139_final_masked.jpg,healthy
228,760d41a1-3aca-4ceb-b8ef-12a3b62f785d___JR_HL 4019_final_masked.jpg,healthy
229,76b825a4-aae0-4a88-b7b1-f65e66befffe___JR_HL 9719_final_masked.jpg,healthy
230,76e3298c-998d-4bce-956a-f8812315e1d6___JR_HL 3979_final_masked.jpg,healthy
231,76fcf126-ce7a-4848-b2ba-d248ff170906___JR_HL 9879 copy_final_masked.jpg,healthy
232,771c7c63-38bb-4d7a-8db1-fda6c5d91076___JR_HL 9882 copy_final_masked.jpg,healthy
233,77294d28-48a7-46e9-b8c8-5a2cbfc0f927___JR_HL 4095_final_masked.jpg,healthy
234,77835532-af02-44be-aaac-fa36f9fa5d7a___JR_HL 9738_final_masked.jpg,healthy
235,77a60cfe-685b-43f7-954f-8f74494b1017___JR_HL 9566_final_masked.jpg,healthy
236,77ce070f-fe40-432e-b675-157e2d61bb43___JR_HL 4050_final_masked.jpg,healthy
237,77df2a22-77fe-4617-83c4-f37e1776e225___JR_HL 9665_final_masked.jpg,healthy
238,7849f661-8a45-4a10-bda1-9d382f576517___JR_HL 9775_final_masked.jpg,healthy
239,78761149-870c-4ab1-8de3-4361d2866dd5___JR_HL 3982_final_masked.jpg,healthy
240,788d7aee-82f5-48ec-9d4a-3d10e730d302___JR_HL 9520_final_masked.jpg,healthy
241,78b2463c-63d5-42f9-b0fa-935d72b6e77f___JR_HL 9750_final_masked.jpg,healthy
242,790ba57a-4f9d-461f-99ce-88019ffc60ed___JR_HL 4015_final_masked.jpg,healthy
243,791a7d36-49d2-4b61-8fc9-bfab404a9124___JR_HL 9456_final_masked.jpg,healthy
244,792a1d2c-ec25-40b1-bb0e-1345c85574ff___JR_HL 9589_final_masked.jpg,healthy
245,794edf29-4777-4a28-8efc-f0a33f1444ee___JR_HL 9426_final_masked.jpg,healthy
246,79d33f58-35b7-45fa-b078-696375860260___JR_HL 4046_final_masked.jpg,healthy
247,79ffb148-f995-42fc-9673-f43b58608d4a___JR_HL 9762_final_masked.jpg,healthy
248,801b35a7-86f6-4b0e-a5f0-dfc4d8031004___JR_HL 9790_final_masked.jpg,healthy
249,803bd9cd-93bc-4431-9b9b-e8980a45d350___JR_HL 9748_final_masked.jpg,healthy
250,80bdbf48-7285-4c38-981b-7f754cd99834___JR_HL 4138_final_masked.jpg,healthy
251,810b4077-aceb-4dbc-afad-9abf732ea00b___JR_HL 9457_final_masked.jpg,healthy
252,81bb1547-9da2-4754-8829-3690422f46bd___JR_HL 9519_final_masked.jpg,healthy
253,81dd61f6-d35f-45c7-aed4-0094a76eb6df___JR_HL 9591_final_masked.jpg,healthy
254,81f2f750-f0d5-428b-81b2-44923ab1742c___JR_HL 4236_final_masked.jpg,healthy
255,8236091f-890d-4af4-995c-e4a259904d5d___JR_HL 9701_final_masked.jpg,healthy
256,829e8a7a-c296-4a6a-acac-714ff68044f2___JR_HL 4003_final_masked.jpg,healthy
257,8352e65f-aecd-4b9d-881c-85f71f702e59___JR_HL 9460_final_masked.jpg,healthy
258,83b7e714-c245-47ae-819d-9ab8dc1b170f___JR_HL 9477_final_masked.jpg,healthy
259,83e9a1a7-8a7c-4088-acb9-b3e5f1afbe7e___JR_HL 4205_final_masked.jpg,healthy
260,84807b4a-f76a-4ebf-a78a-ec9444197c55___JR_HL 9786_final_masked.jpg,healthy
261,84c23631-9763-4f3e-8b3c-775ac54bd557___JR_HL 9853_final_masked.jpg,healthy
262,85b79cc9-d2a4-496c-b02a-e51363c00427___JR_HL 3978_final_masked.jpg,healthy
263,85cbe85f-385e-4105-8d05-4ce5e56bcdc8___JR_HL 4200_final_masked.jpg,healthy
264,85cfbde6-c86e-487a-8a6f-c8d2db72d9af___JR_HL 9888_final_masked.jpg,healthy
265,868deed9-9e18-4109-9df5-878c468922f3___JR_HL 9536_final_masked.jpg,healthy
266,8703335b-e747-4283-b57e-8467f17fa744___JR_HL 9585_final_masked.jpg,healthy
267,871dddc4-1a16-4ad6-9990-301fed42974f___JR_HL 4223_final_masked.jpg,healthy
268,87409610-8b2f-4970-af41-6234c47ee1dc___JR_HL 9811_final_masked.jpg,healthy
269,87739566-ed1f-4da7-b465-f1c8d464aa5d___JR_HL 4044_final_masked.jpg,healthy
270,87e1d554-2e33-4985-8749-7093a68b0dc7___JR_HL 9493_final_masked.jpg,healthy
271,88aa10b3-3574-49a1-8bb3-183525fa9848___JR_HL 4081_final_masked.jpg,healthy
272,88fd947e-a850-4e0c-9dff-8984478b04e1___JR_HL 3984_final_masked.jpg,healthy
273,8959bcbf-278b-4eef-b255-605e0e082cb5___JR_HL 4210_final_masked.jpg,healthy
274,89bfbe68-6d5e-40f7-82c3-49107268740d___JR_HL 3974_final_masked.jpg,healthy
275,8aacd48c-7710-4171-9738-7105a075cf22___JR_HL 4227_final_masked.jpg,healthy
276,8ac70f19-6342-48f6-a6f7-06c8723faacf___JR_HL 9515_final_masked.jpg,healthy
277,8ac9b3d3-23c6-42e1-84d7-c4109379b7a1___JR_HL 9640_final_masked.jpg,healthy
278,8afb6bdf-203d-44f9-bea7-0d7648505c50___JR_HL 4215_final_masked.jpg,healthy
279,8c1abb7e-703e-4c23-9e3e-d2893b8abe3a___JR_HL 4048_final_masked.jpg,healthy
280,8c2ca351-4aeb-4da9-9e5b-8905509cf148___JR_HL 9683_final_masked.jpg,healthy
281,8c564a28-4d4c-49b7-a28d-a5e41ff8e205___JR_HL 9531_final_masked.jpg,healthy
282,8d1e7dbb-c3bf-49a2-a51e-2645017e2adb___JR_HL 9530_final_masked.jpg,healthy
283,8d8affc9-f724-4e95-827c-763d0e3cac90___JR_HL 9894 copy_final_masked.jpg,healthy
284,8db247a7-bd72-4cbd-9b3a-808045c929d6___JR_HL 4229_final_masked.jpg,healthy
285,8ec0aedd-663e-4e7a-a7ff-44af0740a2dd___JR_HL 4251_final_masked.jpg,healthy
286,8ef7ac77-0588-4028-a31f-d6a5d3cded70___JR_HL 9471_final_masked.jpg,healthy
287,8fbf0127-e286-466a-bb84-9d16e223953a___JR_HL 9459_final_masked.jpg,healthy
288,904d2f33-6bcd-45f6-9732-1d438165d525___JR_HL 4295_final_masked.jpg,healthy
289,90546341-6ac6-434c-8cb4-ec2e1a0e515e___JR_HL 9448_final_masked.jpg,healthy
290,9061c91f-b268-4725-a2b7-26500a26f1f1___JR_HL 4248_final_masked.jpg,healthy
291,9085e422-36a7-44fc-958b-5212f8a29c79___JR_HL 4173_final_masked.jpg,healthy
292,90cf84c2-0bca-4c08-a873-65ccfb87ed24___JR_HL 9733_final_masked.jpg,healthy
293,90d421a0-1178-4026-9be6-e79994757e81___JR_HL 9891 copy_final_masked.jpg,healthy
294,90f22e39-5ee0-4973-ae80-ef987d05990a___JR_HL 4085_final_masked.jpg,healthy
295,914024a5-989c-46b2-83bb-5fe06421eb8b___JR_HL 9524_final_masked.jpg,healthy
296,9157434b-8dce-4726-9187-1911302312b9___JR_HL 4053_final_masked.jpg,healthy
297,917ccab2-935b-4eba-9f97-f81b24cbb523___JR_HL 4176_final_masked.jpg,healthy
298,91877ab2-d8bb-4743-815a-6e55e833b3b9___JR_HL 4310_final_masked.jpg,healthy
299,91dda36e-1105-43e1-806f-e728843ac9a5___JR_HL 9806_final_masked.jpg,healthy
300,921bd8b0-115a-4bc2-88a9-63955ab2e35a___JR_HL 9816_final_masked.jpg,healthy
301,92be7b5a-371b-4b99-970b-34f1b263552f___JR_HL 9469_final_masked.jpg,healthy
302,92cd65f0-9866-4985-b706-733e8c53ed83___JR_HL 4007_final_masked.jpg,healthy
303,92da1286-a52e-4ceb-bb92-2a6eba988a14___JR_HL 4177_final_masked.jpg,healthy
304,92f51e03-8792-42ea-a709-0b6fb115e1be___JR_HL 9807_final_masked.jpg,healthy
305,930752b3-ce70-40c3-8183-ed444e2cae17___JR_HL 3999_final_masked.jpg,healthy
306,930dcafe-e657-48a0-a4d5-78b145b63287___JR_HL 9521_final_masked.jpg,healthy
307,9345e6d2-0aeb-4e09-a8ba-d5c64bda1fa5___JR_HL 4034_final_masked.jpg,healthy
308,9362fc4a-ac87-489d-8572-f15335af1387___JR_HL 9875_final_masked.jpg,healthy
309,936e1c64-1bc1-47c7-9cca-49bedf2682d6___JR_HL 3947_final_masked.jpg,healthy
310,93c3cace-b855-4282-917b-8dcd30e8c1d7___JR_HL 9702_final_masked.jpg,healthy
311,94070a24-1b16-4696-b051-b01d4ca0b59a___JR_HL 4022_final_masked.jpg,healthy
312,945405b7-e207-4cb2-a618-ac8a78c67c9f___JR_HL 9653_final_masked.jpg,healthy
313,95125eed-3181-4ecc-ac92-f20a98eca071___JR_HL 3992_final_masked.jpg,healthy
314,960f86c8-9080-4342-b916-2e924e078b56___JR_HL 4033_final_masked.jpg,healthy
315,96f1c454-7ea6-4ba3-af10-fc3f653c110d___JR_HL 9885_final_masked.jpg,healthy
316,9705f45b-e0e3-4d0e-a0f0-ad1c9b3b32a0___JR_HL 4311_final_masked.jpg,healthy
317,9711cd2a-25f1-4e08-bb70-b5443d2ed94e___JR_HL 9432_final_masked.jpg,healthy
318,97df0152-e34f-4b34-bb2e-b2d9aadb19ee___JR_HL 4209_final_masked.jpg,healthy
319,9887e26f-07b6-4536-86a0-3c5c6d0fbc31___JR_HL 9505_final_masked.jpg,healthy
320,988cce2b-7897-489d-b796-9a170e815785___JR_HL 9550_final_masked.jpg,healthy
321,98e58f34-7c7d-4f95-ac80-e5a30a0ee31e___JR_HL 3996_final_masked.jpg,healthy
322,991f9446-4cb6-41a8-b6ef-c2ee9e500c7b___JR_HL 9735_final_masked.jpg,healthy
323,993cc551-ec98-4764-9c65-dae36effba8b___JR_HL 4084_final_masked.jpg,healthy
324,99418f88-7071-40ad-9d82-cc37c6199298___JR_HL 9479_final_masked.jpg,healthy
325,9947a427-6424-4ea8-9ddd-48f9e4d9cc03___JR_HL 9546_final_masked.jpg,healthy
326,9ac456d7-d12d-4bfa-9030-775c16900f98___JR_HL 9729_final_masked.jpg,healthy
327,9ae1a6c3-51f1-4781-80e8-a34b7b0c8973___JR_HL 4232_final_masked.jpg,healthy
328,9af553ae-5150-4736-bfd9-82173b911272___JR_HL 9619_final_masked.jpg,healthy
329,9b15b47c-53e0-4873-b51c-d2b6e316d56c___JR_HL 4180_final_masked.jpg,healthy
330,9b497cf2-f77b-4bbc-8c3d-e4ce053d58cd___JR_HL 9749_final_masked.jpg,healthy
331,9b806380-3a4c-44af-8f88-8f9e52fc1428___JR_HL 9736_final_masked.jpg,healthy
332,9c1ddac2-44fa-4a3a-b7cb-4ab597faf089___JR_HL 4070_final_masked.jpg,healthy
333,9ce21384-43da-4599-99c3-63af7c18cf96___JR_HL 4004_final_masked.jpg,healthy
334,9d22266e-c5f3-4e5f-9c18-93ad8cf76f1c___JR_HL 9588_final_masked.jpg,healthy
335,9d9363f1-b9cc-4c44-8225-aa6734763c3c___JR_HL 9579_final_masked.jpg,healthy
336,9d97b274-fd09-41b0-bddb-0819b2f37ea9___JR_HL 9635_final_masked.jpg,healthy
337,9dde3b7f-8e56-4469-8490-9ced3fca4374___JR_HL 9663_final_masked.jpg,healthy
338,9e159df4-2951-459d-850a-bd822b9faf9b___JR_HL 4023_final_masked.jpg,healthy
339,9efc5503-0ec7-4426-9adc-3842b9a19dca___JR_HL 3980_final_masked.jpg,healthy
340,9f57292a-576b-4ae8-a71a-cdaf42bcd6b7___JR_HL 9861_final_masked.jpg,healthy
341,9fcc3c88-5083-43a8-a65e-3ac55558ca1d___JR_HL 9633_final_masked.jpg,healthy
342,a02b4505-3eca-4e10-bed7-4988f600ac27___JR_HL 9769_final_masked.jpg,healthy
343,a0816ba7-dc4a-432a-85fc-79d2aa1b8f96___JR_HL 4047_final_masked.jpg,healthy
344,a0a86f32-2fa9-4364-b637-5f0a2844a3b3___JR_HL 9819_final_masked.jpg,healthy
345,a0b4d7a4-947b-4ca7-9984-88da24f41390___JR_HL 9468_final_masked.jpg,healthy
346,a0f50c57-dd13-45a8-b9d3-b8f270e496f0___JR_HL 4314_final_masked.jpg,healthy
347,a195fb52-151e-4fe3-9557-52ae62b5ace4___JR_HL 9859_final_masked.jpg,healthy
348,a1aa7963-d10f-429f-8265-d4d4e5b97b9b___JR_HL 9689_final_masked.jpg,healthy
349,a2196e0d-52fc-4194-8127-98076bd3a6fc___JR_HL 4241_final_masked.jpg,healthy
350,a2355a52-d185-4cd6-93db-89b701b2b51c___JR_HL 4088_final_masked.jpg,healthy
351,a2b5cb26-c367-40cf-a881-add3734097c1___JR_HL 4045_final_masked.jpg,healthy
352,a2d47080-b11a-41c3-810c-98c4d8224f09___JR_HL 9813_final_masked.jpg,healthy
353,a34f6c1e-7e15-4988-906d-47aa21d341c2___JR_HL 9822_final_masked.jpg,healthy
354,a36fb3a6-f05b-4541-8617-6079781ea8ed___JR_HL 9831_final_masked.jpg,healthy
355,a3a50495-2372-42b4-b57c-c3b80cfacfaa___JR_HL 4313_final_masked.jpg,healthy
356,a3e1c4a1-22b9-4167-89c7-9a7889ad2c15___JR_HL 3922_final_masked.jpg,healthy
357,a3f150fa-e692-4588-a797-ab260f45abcb___JR_HL 9637_final_masked.jpg,healthy
358,a433544e-7479-4587-82c7-5fdb07f37e59___JR_HL 4203_final_masked.jpg,healthy
359,a46afcb8-ce3a-4583-aa94-ad5ea4c66ab0___JR_HL 4102_final_masked.jpg,healthy
360,a4781448-2096-4390-bf06-cf2ee074dc2b___JR_HL 4213_final_masked.jpg,healthy
361,a4854d98-c643-4c4b-82b1-a9fcd3d205bd___JR_HL 9844_final_masked.jpg,healthy
362,a4e6ad37-83aa-4eec-ad15-339ba1cd9b70___JR_HL 9484_final_masked.jpg,healthy
363,a52b26ec-29a5-4bb6-b3e4-f7599240e0d3___JR_HL 4021_final_masked.jpg,healthy
364,a52d2bbc-f555-408e-a5e4-1d685e5f350e___JR_HL 9881 copy_final_masked.jpg,healthy
365,a55d7cbf-498c-4392-b6a0-14f7f0f74a3b___JR_HL 9578_final_masked.jpg,healthy
366,a57b87e2-574d-401a-aa1e-6ce2a1339599___JR_HL 4319_final_masked.jpg,healthy
367,a5aafeac-4d2f-4bd2-835e-79506ec7e458___JR_HL 4228_final_masked.jpg,healthy
368,a5acd354-cbb4-42fb-ac89-4c2ee84955d6___JR_HL 9486_final_masked.jpg,healthy
369,a5f22940-d3e6-4ee0-84d1-be2110614d4a___JR_HL 9763_final_masked.jpg,healthy
370,a5f27f47-9b56-4c1c-941a-12e2525496cb___JR_HL 9771_final_masked.jpg,healthy
371,a6562ee2-b37b-4734-9bf4-75da24f34bd1___JR_HL 4153_final_masked.jpg,healthy
372,a684ee42-fe12-4ccb-ae9c-a55d4322a817___JR_HL 9876_final_masked.jpg,healthy
373,a6f2b377-2668-4f0d-98a3-cbb67f20c867___JR_HL 4013_final_masked.jpg,healthy
374,a8132ff0-9786-4cdb-9832-c2c5adff9a91___JR_HL 4262_final_masked.jpg,healthy
375,a8395e57-8398-4306-bc22-a33efbb19c65___JR_HL 9439_final_masked.jpg,healthy
376,a86c3594-fe38-4647-9642-0695ce9ec40e___JR_HL 9688_final_masked.jpg,healthy
377,a88cb1e2-0b5b-43ea-9a20-c09951e0a67c___JR_HL 9620_final_masked.jpg,healthy
378,a97e7cd1-52ee-49fa-a352-f424d8ad6c8f___JR_HL 9529_final_masked.jpg,healthy
379,a9a9f8a7-02d8-409e-800a-03d8fc721251___JR_HL 9697_final_masked.jpg,healthy
380,aac1e835-defb-45dd-b439-986ad949f684___JR_HL 9442_final_masked.jpg,healthy
381,aaee6da4-9549-447b-906d-2e42199da7c5___JR_HL 9833_final_masked.jpg,healthy
382,ab3bea0d-8559-4f2b-ad4b-3dec4bc43036___JR_HL 9467_final_masked.jpg,healthy
383,ab6b65e2-f258-49cc-a0f4-7164023d43a6___JR_HL 4254_final_masked.jpg,healthy
384,ab72c1fa-5d40-4bc9-a384-a99fab121811___JR_HL 9510_final_masked.jpg,healthy
385,abecd8d1-a54e-45c5-9240-1380f5291cf9___JR_HL 4193_final_masked.jpg,healthy
386,ac32e22a-5841-4531-8d5a-84f8c5288f4a___JR_HL 9845_final_masked.jpg,healthy
387,ac392c19-68f4-41aa-9923-2be5483a0b4c___JR_HL 9802_final_masked.jpg,healthy
388,ac896cd9-60ec-4d64-a4c6-fc9b3d8f1ca9___JR_HL 9884_final_masked.jpg,healthy
389,adea390a-76fa-447a-9cde-060abeba5ef5___JR_HL 9834_final_masked.jpg,healthy
390,ae37e198-d496-4b5e-acfd-d0c29a3d2317___JR_HL 4235_final_masked.jpg,healthy
391,aec7da61-0d91-4a9f-9a69-154268db63e4___JR_HL 9657_final_masked.jpg,healthy
392,aed890d7-234c-4f7b-a9f4-7e30c1275467___JR_HL 3975_final_masked.jpg,healthy
393,af0a0059-222f-4991-94da-a4501a9d3c50___JR_HL 9533_final_masked.jpg,healthy
394,af395454-9418-4504-ad49-a678f9d63302___JR_HL 4161_final_masked.jpg,healthy
395,af3fc764-85b8-4777-8056-585d6a13e225___JR_HL 4062_final_masked.jpg,healthy
396,af85c82e-b339-437d-a443-f13ee6194cb5___JR_HL 4321_final_masked.jpg,healthy
397,afc512c4-c782-4350-85d3-fa26046950a3___JR_HL 9764_final_masked.jpg,healthy
398,b02424c2-23b8-49f2-bf9d-6ebb2589457a___JR_HL 9606_final_masked.jpg,healthy
399,b0290c25-c7fe-4202-a827-ae79eb4f4ef8___JR_HL 3998_final_masked.jpg,healthy
400,b101d58c-2db2-413a-b37e-cba6a8a1415a___JR_HL 4224_final_masked.jpg,healthy
401,b13a43b6-a7f4-4922-9315-12398bb130fe___JR_HL 4270_final_masked.jpg,healthy
402,b180133a-d29f-46a0-a1a5-a56199f62091___JR_HL 4162_final_masked.jpg,healthy
403,b1811d59-98ff-43ef-a618-ad91d3bbaeed___JR_HL 9518_final_masked.jpg,healthy
404,b1f2ebdb-4e50-4365-92e3-29dfaf7e759a___JR_HL 4011_final_masked.jpg,healthy
405,b255bae1-b650-413d-9444-dff61de6bd33___JR_HL 9724_final_masked.jpg,healthy
406,b337e8a0-958c-48e3-9368-1d68fa26a493___JR_HL 4190_final_masked.jpg,healthy
407,b386a059-871e-4564-a3a4-96988c01a51b___JR_HL 9632_final_masked.jpg,healthy
408,b3c6e32a-ccd1-4bb4-8e7d-155ab5c2c456___JR_HL 9774_final_masked.jpg,healthy
409,b4035665-67f0-4fce-857a-10b40aca7cd9___JR_HL 4009_final_masked.jpg,healthy
410,b489ce0e-ab37-4bd9-b45a-84f8d994eb0f___JR_HL 9495_final_masked.jpg,healthy
411,b4ab9ee4-136d-4150-b01c-1d885669da4a___JR_HL 4312_final_masked.jpg,healthy
412,b4ac3179-6fd4-4b2a-bf8c-479de4348ff4___JR_HL 9535_final_masked.jpg,healthy
413,b4c4f75b-032e-4034-8525-26844cc6bff5___JR_HL 4211_final_masked.jpg,healthy
414,b4f21001-a18e-46ca-9185-3172ef2a0de2___JR_HL 3934_final_masked.jpg,healthy
415,b560e9ca-bfee-4ffe-92ec-60391fcd3076___JR_HL 4039_final_masked.jpg,healthy
416,b56db96a-1581-4432-8d44-0d1884912a47___JR_HL 9894_final_masked.jpg,healthy
417,b570727c-3764-46cd-b128-d29353da1b9d___JR_HL 4024_final_masked.jpg,healthy
418,b5eee43f-ca96-4ff2-bff8-b82cae4e06fb___JR_HL 4245_final_masked.jpg,healthy
419,b6014a59-9818-4222-9a74-51cbbbcda57a___JR_HL 4020_final_masked.jpg,healthy
420,b6366199-b01d-439a-a457-25901712cad2___JR_HL 9812_final_masked.jpg,healthy
421,b699f89c-87a3-4793-a721-60040fc42c4d___JR_HL 9659_final_masked.jpg,healthy
422,b6a8a1a7-2222-497c-b892-87d8085ab675___JR_HL 9485_final_masked.jpg,healthy
423,b6cf71f9-4a4c-45c6-94cb-9d014c43bc45___JR_HL 4296_final_masked.jpg,healthy
424,b740bd4d-0d9f-4949-b84d-56a0c952be72___JR_HL 4135_final_masked.jpg,healthy
425,b76ae033-ddb2-4052-9ed8-af7d18c2fee8___JR_HL 9823_final_masked.jpg,healthy
426,b7b1918d-d608-4aa0-9990-f0ff9a90b414___JR_HL 4144_final_masked.jpg,healthy
427,b84846ee-4d65-4404-8053-ad9bc9391b2f___JR_HL 9503_final_masked.jpg,healthy
428,b87b1766-d629-4bfb-b9d3-6d5fe336cfef___JR_HL 4182_final_masked.jpg,healthy
429,b8b81fac-673a-4f90-849e-b1fa9cd255df___JR_HL 4060_final_masked.jpg,healthy
430,b8eb52cb-27de-4707-b089-5b80f550adb1___JR_HL 9676_final_masked.jpg,healthy
431,b98e33ce-f1b1-45ab-8429-23c303eb079a___JR_HL 3981_final_masked.jpg,healthy
432,b9d61fe1-5b84-405b-a7ea-b3babaa5f516___JR_HL 3943_final_masked.jpg,healthy
433,ba0ab3c3-f12f-4fbd-875c-d68198c21f3a___JR_HL 9781_final_masked.jpg,healthy
434,ba608f02-a6ab-4944-86a6-3ef5b2d4aa1b___JR_HL 9502_final_masked.jpg,healthy
435,baa49a32-a5a5-48a0-8c1c-2c599853e460___JR_HL 3970_final_masked.jpg,healthy
436,bacb46de-7443-49ff-a0d9-c5b60a83f2c0___JR_HL 4256_final_masked.jpg,healthy
437,bbf21e80-e21f-4dcb-a3ae-de05529960ef___JR_HL 9526_final_masked.jpg,healthy
438,bbf73155-4f12-41a1-b087-38b078e646a1___JR_HL 9592_final_masked.jpg,healthy
439,bc109929-69b5-4b84-9b45-b127ea8c3ca5___JR_HL 4014_final_masked.jpg,healthy
440,bc47ca90-7317-4ad1-b424-7a346b9905e5___JR_HL 4109_final_masked.jpg,healthy
441,bc6df844-60dc-4e71-b7f0-81e2e2890597___JR_HL 4320_final_masked.jpg,healthy
442,bcbb8047-c1a7-4728-a5fa-b07e784f9bc5___JR_HL 4121_final_masked.jpg,healthy
443,bcbbda77-7534-484c-8f5f-d913a370714a___JR_HL 4302_final_masked.jpg,healthy
444,bcd808e6-917b-45e5-8aa9-c91f51c7a8b8___JR_HL 9826_final_masked.jpg,healthy
445,bd7c0e0a-394c-43a6-8c8d-9b0c5fb05416___JR_HL 9427_final_masked.jpg,healthy
446,bdb6842e-dcd1-458f-8f88-4b0798556fe1___JR_HL 4255_final_masked.jpg,healthy
447,be36a613-f4c9-434c-a0da-50f6dd98984d___JR_HL 4212_final_masked.jpg,healthy
448,be7f5965-36ae-4fc6-9078-2467b587dfae___JR_HL 9595_final_masked.jpg,healthy
449,bec69b31-ed99-4555-9bef-b9b851d968cc___JR_HL 9877_final_masked.jpg,healthy
450,befc372d-17be-4139-80a3-325111dac124___JR_HL 3925_final_masked.jpg,healthy
451,bf769ea1-b993-43bb-9f24-07e1d9270d5a___JR_HL 9440_final_masked.jpg,healthy
452,bfed28c4-5ef8-4a35-b826-612875cc6b86___JR_HL 4099_final_masked.jpg,healthy
453,c019b1dd-288e-4914-9abb-348e33cec899___JR_HL 4157_final_masked.jpg,healthy
454,c0975993-8fad-45eb-a080-77461fea87c6___JR_HL 9559_final_masked.jpg,healthy
455,c09a1ad6-e9f5-47cb-ad0c-8ce3a1966073___JR_HL 9710_final_masked.jpg,healthy
456,c0ef1466-26c8-460c-a2b8-d72c5caf0792___JR_HL 4275_final_masked.jpg,healthy
457,c1011062-7bbf-45b2-bca2-1de3e5c5cd9a___JR_HL 4258_final_masked.jpg,healthy
458,c121389d-5aa7-4cb9-a76c-39b2278f9dc0___JR_HL 9839_final_masked.jpg,healthy
459,c1fbe194-2a66-43af-bbb4-e5adc5376afb___JR_HL 4194_final_masked.jpg,healthy
460,c290eab8-462a-4508-9dfb-822dbfba947a___JR_HL 9796_final_masked.jpg,healthy
461,c30fb5bc-2fc0-42cd-a5db-5b4b774b9f7e___JR_HL 9574_final_masked.jpg,healthy
462,c3101d4e-19b3-4959-92a4-b1b8c88d0bec___JR_HL 3994_final_masked.jpg,healthy
463,c36d1d7a-7e76-4be2-a637-e544f8210db8___JR_HL 9680_final_masked.jpg,healthy
464,c376780a-87fa-4d3b-851c-ee98da3d6950___JR_HL 9430_final_masked.jpg,healthy
465,c37f8678-ed86-42ab-9a8b-f4172d94bf1e___JR_HL 4220_final_masked.jpg,healthy
466,c3c041f1-dac2-4110-ae56-1818774b4603___JR_HL 4208_final_masked.jpg,healthy
467,c3da605f-86e5-4cc5-a88f-99586e313151___JR_HL 9873_final_masked.jpg,healthy
468,c3e967fe-1cb1-4891-a072-6469a0d040f2___JR_HL 9757_final_masked.jpg,healthy
469,c4720744-b5a7-4cb2-8d61-b4f42d03d035___JR_HL 9783_final_masked.jpg,healthy
470,c4a9900b-1227-4e73-b9b1-9e9ed037d6b3___JR_HL 4094_final_masked.jpg,healthy
471,c4d080c7-e9be-4be6-a91c-290992c2cac0___JR_HL 9801_final_masked.jpg,healthy
472,c4ef4ce3-b528-4cd8-8042-f23a980990c9___JR_HL 9668_final_masked.jpg,healthy
473,c54f694a-5b56-48a4-b4c4-383b825d6893___JR_HL 9884 copy_final_masked.jpg,healthy
474,c58da3fc-4c6b-4de9-98a2-500e26cee46d___JR_HL 9544_final_masked.jpg,healthy
475,c62ca18f-b9e3-4907-881b-3e83e3428eea___JR_HL 3973_final_masked.jpg,healthy
476,c62f98cf-7344-4e43-b31a-9b91f361acf9___JR_HL 4239_final_masked.jpg,healthy
477,c64db855-ec89-47dd-bde3-245b122387d4___JR_HL 4170_final_masked.jpg,healthy
478,c652b225-86b8-4443-afee-4adff33573e1___JR_HL 9645_final_masked.jpg,healthy
479,c655f45b-4c63-406c-8f6e-e3c4f9e85b06___JR_HL 9870_final_masked.jpg,healthy
480,c6645e0d-17a5-4d1b-936c-84c61e847b50___JR_HL 9446_final_masked.jpg,healthy
481,c6ea1d38-a31a-470f-8b41-21198c7863eb___JR_HL 4188_final_masked.jpg,healthy
482,c7003e27-49fe-4b61-a6d2-a72c7595f297___JR_HL 9893_final_masked.jpg,healthy
483,c889dabb-e9dc-448c-80f3-791fea97fafd___JR_HL 9501_final_masked.jpg,healthy
484,c89bc3c2-97d5-4e38-a090-3ba121a17adf___JR_HL 4179_final_masked.jpg,healthy
485,c8cbb528-e68c-4aac-89fa-3e0eee1b9f24___JR_HL 4147_final_masked.jpg,healthy
486,c8e672fc-6666-4290-ae5b-15301ead7109___JR_HL 9780_final_masked.jpg,healthy
487,c9518107-c997-422c-bfba-62d93fbd6dce___JR_HL 4307_final_masked.jpg,healthy
488,c9915ae5-62e9-483c-b89c-25d339e426ca___JR_HL 9759_final_masked.jpg,healthy
489,c9c77d66-5410-4974-be51-16a22f16a1e7___JR_HL 3995_final_masked.jpg,healthy
490,ca1aebd1-8b31-4727-a4be-e1a8f421f1cf___JR_HL 9893 copy_final_masked.jpg,healthy
491,caa120a1-7f2d-48d0-adef-fed8521179bf___JR_HL 4166_final_masked.jpg,healthy
492,cabd4b57-e81f-4434-8366-87d70045bba1___JR_HL 4113_final_masked.jpg,healthy
493,cb82648e-af22-4475-894a-a215c8d8c09e___JR_HL 3976_final_masked.jpg,healthy
494,cbb4bd24-9572-4235-a9c1-e6b73118b7d5___JR_HL 4120_final_masked.jpg,healthy
495,cc04b27c-e092-4e11-92e6-44a9589ec04e___JR_HL 4183_final_masked.jpg,healthy
496,cc19dd0a-b33b-453c-8cd4-b74f67428236___JR_HL 3949_final_masked.jpg,healthy
497,ccb0e9ab-f7d0-4a63-9ab3-d1653a807f09___JR_HL 3946_final_masked.jpg,healthy
498,cd687fc8-fab4-49c0-a751-e6d111549c78___JR_HL 4240_final_masked.jpg,healthy
499,cde3b72e-90ff-4d6f-8b2d-7db83c08167a___JR_HL 3940_final_masked.jpg,healthy
500,cf3bdc72-a14c-4b7e-a58d-48e0d7c4a582___JR_HL 9788_final_masked.jpg,healthy
501,cf4b0e6e-7847-496b-ae4b-eb8466631c05___JR_HL 9624_final_masked.jpg,healthy
502,cf4c72b5-0d99-4bc8-a6df-ff734cf5ba02___JR_HL 9509_final_masked.jpg,healthy
503,cf616072-4062-498e-b524-a1705681351f___JR_HL 9868_final_masked.jpg,healthy
504,cf8f368a-e5bf-4382-bcab-d84f4530a558___JR_HL 3927_final_masked.jpg,healthy
505,d03d7e87-1375-490a-bb4a-b7dd2480f123___JR_HL 9476_final_masked.jpg,healthy
506,d0afde99-1940-4a55-94da-dfbba13d20f6___JR_HL 4249_final_masked.jpg,healthy
507,d0ca6667-2c20-4601-84ae-662d0519f79a___JR_HL 4167_final_masked.jpg,healthy
508,d0ce3993-5ee6-4745-97de-eaf810eec402___JR_HL 9784_final_masked.jpg,healthy
509,d1113e15-85d4-48a1-8323-f65c688ecf8c___JR_HL 9654_final_masked.jpg,healthy
510,d1783f85-5cb9-4683-b493-4e9112749f23___JR_HL 9507_final_masked.jpg,healthy
511,d1a34701-e731-4002-ba7b-84da2ebf12ad___JR_HL 4148_final_masked.jpg,healthy
512,d1c378ef-57e4-4ebc-b3f2-e34f6b2441d2___JR_HL 4098_final_masked.jpg,healthy
513,d1e7fd29-6688-4a63-965d-3b2ff126019c___JR_HL 4238_final_masked.jpg,healthy
514,d23baa77-cb73-4b25-a5b8-3246d5a6a02f___JR_HL 9436_final_masked.jpg,healthy
515,d2407963-3cdb-44a8-afba-29cfd51ceec5___JR_HL 4316_final_masked.jpg,healthy
516,d259c188-0c17-4199-aac1-5399903f74a3___JR_HL 4100_final_masked.jpg,healthy
517,d25efe33-b74c-4f03-bc9d-314aab16c2ec___JR_HL 9886 copy_final_masked.jpg,healthy
518,d29070f1-2608-4791-9963-ea1327967df5___JR_HL 9678_final_masked.jpg,healthy
519,d29d91c5-7669-4b82-b87a-fe7dd90bfc1f___JR_HL 9568_final_masked.jpg,healthy
520,d2e9b08e-3fb6-43f8-83ae-6e917f13dcd5___JR_HL 4272_final_masked.jpg,healthy
521,d2fad1d0-4bcc-4617-8be6-5d07a56e1483___JR_HL 9747_final_masked.jpg,healthy
522,d3dbee67-a252-467c-bb41-8df8d78ec476___JR_HL 9447_final_masked.jpg,healthy
523,d488e8a6-948b-4805-9852-1a1825890e04___JR_HL 9554_final_masked.jpg,healthy
524,d52ec829-6e6c-41d4-9cdb-a8d7ea14f530___JR_HL 4038_final_masked.jpg,healthy
525,d56ee855-3805-48b7-8cff-da3c398c6387___JR_HL 9810_final_masked.jpg,healthy
526,d584bfa0-b24f-40da-97fb-7db77ea72f95___JR_HL 3993_final_masked.jpg,healthy
527,d5f88826-21b5-47ec-83bc-930de228ffc8___JR_HL 9808_final_masked.jpg,healthy
528,d620f22d-c209-4627-b2b4-cd8e65de8212___JR_HL 4037_final_masked.jpg,healthy
529,d63ff958-ad62-4c9d-9712-6a99d1de1e2e___JR_HL 4090_final_masked.jpg,healthy
530,d699b1fd-0743-4406-b7b2-72ced5b5090c___JR_HL 9730_final_masked.jpg,healthy
531,d74cc406-6b82-4300-a21a-52a9c021cbb7___JR_HL 4219_final_masked.jpg,healthy
532,d789a85f-c5d0-431e-94cb-fc0e58f8b51d___JR_HL 9433_final_masked.jpg,healthy
533,d88e4a8d-fd1c-41a4-b307-2615ba6783c2___JR_HL 9584_final_masked.jpg,healthy
534,d8d56350-2b4a-49e3-9cad-0e3317777b67___JR_HL 4289_final_masked.jpg,healthy
535,d949b740-17da-4264-90a2-561c41ca9d65___JR_HL 9712_final_masked.jpg,healthy
536,d963116d-4eec-42a1-82ce-6ef28536b77e___JR_HL 4324_final_masked.jpg,healthy
537,d96c8119-e1f1-485d-a92d-6e542ec0ab7b___JR_HL 4017_final_masked.jpg,healthy
538,d9ffa906-ca86-4a23-bf43-033c6270e05f___JR_HL 4280_final_masked.jpg,healthy
539,da28d492-ed69-4c2f-8359-2242b7e7e3f5___JR_HL 9848_final_masked.jpg,healthy
540,daaa7f78-5f20-4e6e-9c18-1c67d6218625___JR_HL 9621_final_masked.jpg,healthy
541,daaf49b5-413b-4dca-ab0e-ecd772d8b909___JR_HL 9454_final_masked.jpg,healthy
542,db266952-0e00-4f77-932a-546a25524b63___JR_HL 9843_final_masked.jpg,healthy
543,db2c8b52-1f7d-4bb7-8cf1-81f241091122___JR_HL 9881_final_masked.jpg,healthy
544,db32f3c2-3aa7-4ee8-abb1-9ee4ef325b5e___JR_HL 4063_final_masked.jpg,healthy
545,db4be210-a2e9-449e-b618-64707d8ad2cf___JR_HL 9789_final_masked.jpg,healthy
546,dbe15479-6802-4e83-850a-fff7900e0e3d___JR_HL 9854_final_masked.jpg,healthy
547,dc3751b1-9e26-400b-9b08-ba9b9dd1f275___JR_HL 9490_final_masked.jpg,healthy
548,dc8ada8f-338c-4428-8878-b3d91f038374___JR_HL 9545_final_masked.jpg,healthy
549,dcd94f3c-a363-4b22-8dd8-0ae62ddc6f07___JR_HL 4192_final_masked.jpg,healthy
550,dcdc22d9-37df-421c-b349-d412ded169ba___JR_HL 4025_final_masked.jpg,healthy
551,dce94357-3e18-475f-b637-94c6a54b7f61___JR_HL 9777_final_masked.jpg,healthy
552,dd98aaca-b658-457c-9a5e-ac44d434092c___JR_HL 9817_final_masked.jpg,healthy
553,dda5f71c-7578-40a6-a492-dd64e6a812b7___JR_HL 4035_final_masked.jpg,healthy
554,ddf48541-2606-4096-96a0-75bde5f60e2e___JR_HL 9590_final_masked.jpg,healthy
555,de0510ce-5cd9-4d7e-bb47-8243fe056e3f___JR_HL 4096_final_masked.jpg,healthy
556,de0655ff-6232-485c-9986-c636c679685e___JR_HL 4196_final_masked.jpg,healthy
557,de0c82bd-2a79-47e0-8b46-e6ea9afe129c___JR_HL 9691_final_masked.jpg,healthy
558,de0e3d2a-9be2-4f7d-98d1-9218ca397c33___JR_HL 4263_final_masked.jpg,healthy
559,de109fda-8cf0-40d2-83ba-2dbc884fcb7d___JR_HL 4002_final_masked.jpg,healthy
560,de350ce9-21b8-4b1f-a5ff-767eac8ba8f2___JR_HL 4136_final_masked.jpg,healthy
561,de556ebb-05fb-448c-b83d-7b159bb3c5ae___JR_HL 9740_final_masked.jpg,healthy
562,dea36f42-614d-4f0e-a3c5-d1450a34f88d___JR_HL 4318_final_masked.jpg,healthy
563,ded8ae3a-2f72-4ee5-a7d2-c682bfd59d6b___JR_HL 9875 copy_final_masked.jpg,healthy
564,def8b180-dbf5-43aa-bd15-b762ff48ae09___JR_HL 4201_final_masked.jpg,healthy
565,defa124c-873c-4a35-92d1-28a2dc137957___JR_HL 9532_final_masked.jpg,healthy
566,df171611-2cad-4afb-bfe6-74497903addb___JR_HL 9856_final_masked.jpg,healthy
567,df2935bd-3e9b-4da1-8bba-5a449503f773___JR_HL 9508_final_masked.jpg,healthy
568,df95bcf4-3948-4770-bd4f-0d05a23264ed___JR_HL 4253_final_masked.jpg,healthy
569,e018791f-7887-4420-a1e3-174e43ed9085___JR_HL 9716_final_masked.jpg,healthy
570,e0780f68-e0f5-47b8-9d9d-52ec42847103___JR_HL 9599_final_masked.jpg,healthy
571,e0f4ea8e-63d9-4440-8330-82ac0e34f881___JR_HL 9799_final_masked.jpg,healthy
572,e1143f8b-b94a-4e87-8d2f-235bc9e82eed___JR_HL 9821_final_masked.jpg,healthy
573,e17d011f-33b9-42bf-ae5d-8cff49ff2cdc___JR_HL 4207_final_masked.jpg,healthy
574,e1f1a0eb-b3df-4b1a-9af6-01c2472a4d0c___JR_HL 9472_final_masked.jpg,healthy
575,e22e74d7-7cc6-4e83-a494-cf022c809544___JR_HL 9887_final_masked.jpg,healthy
576,e30c20ef-d5c2-483a-b3a1-1aa82397520e___JR_HL 9523_final_masked.jpg,healthy
577,e37c34a3-b8d4-4fbd-b7a7-f0b14e4bb090___JR_HL 4294_final_masked.jpg,healthy
578,e39b1acb-977d-4757-95c2-ed6efc5b099b___JR_HL 3926_final_masked.jpg,healthy
579,e3a54ee7-bc88-4f86-80e6-1066325ebea0___JR_HL 9596_final_masked.jpg,healthy
580,e3d7e13a-d565-4d9e-8a81-ff09e1f619ad___JR_HL 9863_final_masked.jpg,healthy
581,e46636be-33bd-465b-9301-5d671facb0ba___JR_HL 9692_final_masked.jpg,healthy
582,e488b116-6b54-43e7-8b4e-232eb434941b___JR_HL 9425_final_masked.jpg,healthy
583,e4a4adf6-5ad5-420f-bab7-64812af0ac2d___JR_HL 3977_final_masked.jpg,healthy
584,e4c7c7dc-cf01-41cc-86e6-d68552194785___JR_HL 4293_final_masked.jpg,healthy
585,e4d55b79-aba3-4d8b-97ac-a2122132a2aa___JR_HL 9597_final_masked.jpg,healthy
586,e4f9ab10-b650-42bb-abcb-e5577ffcc1fe___JR_HL 9629_final_masked.jpg,healthy
587,e4fbf393-baea-4a95-9c4f-94606bffc2f9___JR_HL 9435_final_masked.jpg,healthy
588,e5229d51-784e-4300-ad41-98f4b49c7d64___JR_HL 9857_final_masked.jpg,healthy
589,e58b547e-5bad-4ee3-aadb-d8a7e06d3a41___JR_HL 9569_final_masked.jpg,healthy
590,e657ea73-d5b8-43f4-96ee-d037506d92ca___JR_HL 9871_final_masked.jpg,healthy
591,e681961f-9b24-4191-b3e3-2e9a5b48f3b5___JR_HL 9630_final_masked.jpg,healthy
592,e68b0372-4f11-4706-8473-9e99aec160ce___JR_HL 9434_final_masked.jpg,healthy
593,e6b262b1-e3ab-483e-93fa-6da710d6606a___JR_HL 9488_final_masked.jpg,healthy
594,e6b37a71-e89d-40e7-8675-21246271756a___JR_HL 9450_final_masked.jpg,healthy
595,e784cda7-7006-44e5-9578-43b6b26fa4b6___JR_HL 4043_final_masked.jpg,healthy
596,e7a46a0f-64f9-47a5-aecd-655cca1d4559___JR_HL 3923_final_masked.jpg,healthy
597,e7fe293a-478c-4a78-ab84-ffb06057dc2d___JR_HL 9607_final_masked.jpg,healthy
598,e8603072-d743-4b79-a882-3699649ffff4___JR_HL 9753_final_masked.jpg,healthy
599,e8982035-5247-4ff7-838f-24a9455894af___JR_HL 4242_final_masked.jpg,healthy
600,e8a50fe1-fe8c-41cf-976f-6c59b6413a26___JR_HL 9553_final_masked.jpg,healthy
601,e9608c30-5177-4a98-82b9-9acd685c6673___JR_HL 9768_final_masked.jpg,healthy
602,e97b5080-6218-4090-a227-dbabab0923da___JR_HL 9598_final_masked.jpg,healthy
603,ea04086e-125c-4836-b890-06d4c9afe236___JR_HL 9517_final_masked.jpg,healthy
604,ea1daecd-c98f-4c73-8c21-6b9aaf757b67___JR_HL 9846_final_masked.jpg,healthy
605,ea21a07c-746b-4c40-b9dd-bed17b367f3c___JR_HL 4082_final_masked.jpg,healthy
606,ea6eb22e-337b-4f6e-b18f-6e5633e97571___JR_HL 9741_final_masked.jpg,healthy
607,ea747458-cad6-409a-8de1-8fc2d5d83c25___JR_HL 9793_final_masked.jpg,healthy
608,ea80c972-f1d3-43d5-86e1-8782988c6d02___JR_HL 9695_final_masked.jpg,healthy
609,ead906bb-4bf6-4adf-b9c9-05248df3e776___JR_HL 9671_final_masked.jpg,healthy
610,eaf17e05-c2b7-4017-8553-1b11f0ba3941___JR_HL 4226_final_masked.jpg,healthy
611,eaf3b9b2-6372-4333-b1ff-297485cd3656___JR_HL 9565_final_masked.jpg,healthy
612,eafefde7-3a21-4a76-bd73-1d20d6eee535___JR_HL 9628_final_masked.jpg,healthy
613,eb6f5271-4fbb-4343-91f8-a9f530970909___JR_HL 4066_final_masked.jpg,healthy
614,ebedbe48-ede7-49f1-beb0-6df1375f74d7___JR_HL 4117_final_masked.jpg,healthy
615,ec107e6d-b18e-458c-9890-113cef2d6b85___JR_HL 4288_final_masked.jpg,healthy
616,ec1514ea-278c-4baf-889c-f2d057328abb___JR_HL 9752_final_masked.jpg,healthy
617,ecbbb8dc-05c9-479d-9014-2278ad4df5fe___JR_HL 9666_final_masked.jpg,healthy
618,ecc0acef-85ea-49bc-9275-79880a6a0f80___JR_HL 9616_final_masked.jpg,healthy
619,ece7b2cf-6c7f-4616-a1d1-eb4061ae9a45___JR_HL 4119_final_masked.jpg,healthy
620,ecf3ae61-8dea-41ee-838d-818507405409___JR_HL 9470_final_masked.jpg,healthy
621,ecf911e8-82ab-437b-b3a9-61ee8429e3ba___JR_HL 9705_final_masked.jpg,healthy
622,ed682229-adac-4051-87d4-2d8fa45c25c8___JR_HL 9514_final_masked.jpg,healthy
623,edb1389d-e754-451b-8e13-f0a7c8772d67___JR_HL 3944_final_masked.jpg,healthy
624,edd1268d-4387-495d-8ff3-4d1d8ef688a1___JR_HL 4265_final_masked.jpg,healthy
625,edff0b53-bdab-4792-84b2-73deec567e67___JR_HL 9889 copy_final_masked.jpg,healthy
626,ee08caf8-fa0d-4a79-bb2e-5399197d01e4___JR_HL 4279_final_masked.jpg,healthy
627,ee42359d-e301-4b46-8256-fba2da76bfd6___JR_HL 9638_final_masked.jpg,healthy
628,ee4413f6-08dd-4aab-80fb-7714028c7a27___JR_HL 4271_final_masked.jpg,healthy
629,ee929bdd-22bd-4a39-be24-11aa93d586fa___JR_HL 9576_final_masked.jpg,healthy
630,eea5ee8e-b2a8-4116-94e4-63e573b1e63b___JR_HL 4264_final_masked.jpg,healthy
631,eece2d00-3ed2-481e-a841-e8092f058039___JR_HL 9622_final_masked.jpg,healthy
632,ef018098-16b5-4b7d-828a-d9003376f24a___JR_HL 4108_final_masked.jpg,healthy
633,efa7860b-6a2b-400e-8671-9a3226c08a37___JR_HL 4140_final_masked.jpg,healthy
634,f06f4c8f-4555-4614-89e4-40f7c3818b09___JR_HL 9586_final_masked.jpg,healthy
635,f0fff559-2c33-4f20-8a41-e8d612e9f24f___JR_HL 4286_final_masked.jpg,healthy
636,f21585ad-cdf1-49ac-8290-19d93653370d___JR_HL 9670_final_masked.jpg,healthy
637,f2808c4d-e64c-4bbf-a1be-86f97247f2e7___JR_HL 9564_final_masked.jpg,healthy
638,f2a6aa00-cab4-4267-8fdb-30d1753aa487___JR_HL 9818_final_masked.jpg,healthy
639,f2e78f22-ff43-42b5-bed0-fcdc0918b0d6___JR_HL 9542_final_masked.jpg,healthy
640,f2eb82ad-5bb7-4483-bb84-49f9552ff763___JR_HL 4299_final_masked.jpg,healthy
641,f3002d42-9188-49f9-85f9-4850d3a91ead___JR_HL 9475_final_masked.jpg,healthy
642,f35ef797-ee9f-4e5a-baa9-72dcff15e08d___JR_HL 3945_final_masked.jpg,healthy
643,f39a9ed7-1aaf-45b6-9b4d-6a150e34cf96___JR_HL 4323_final_masked.jpg,healthy
644,f3f492a9-d395-4f04-8f24-9c3cb22cca47___JR_HL 9428_final_masked.jpg,healthy
645,f45ad4e1-76b2-4e15-9d64-b263fb5064fb___JR_HL 9462_final_masked.jpg,healthy
646,f472016a-8508-4874-b733-c7db88a13a80___JR_HL 9825_final_masked.jpg,healthy
647,f4df5651-d34a-44d4-a875-cea0bcdd6883___JR_HL 9581_final_masked.jpg,healthy
648,f5284eab-9540-4512-b363-1cb8a96123c2___JR_HL 9594_final_masked.jpg,healthy
649,f56f164c-2350-4663-a6bf-92188361eeba___JR_HL 9555_final_masked.jpg,healthy
650,f61927c0-f4de-43c6-80a6-cad5b9cc4688___JR_HL 4164_final_masked.jpg,healthy
651,f6cb26cb-c5b2-4373-ab61-a93a32051ead___JR_HL 4300_final_masked.jpg,healthy
652,f7ba57f4-27d2-4aea-bffc-60175812e5b9___JR_HL 9832_final_masked.jpg,healthy
653,f8248322-e943-4e42-bf48-2b271a99ecad___JR_HL 9423_final_masked.jpg,healthy
654,f839564b-c510-4e67-b9c7-c5dd65b920e8___JR_HL 4158_final_masked.jpg,healthy
655,f9236ca5-ea7c-4a87-bac0-396883f95ba6___JR_HL 9838_final_masked.jpg,healthy
656,f942f9e6-c4b4-4928-90f3-171cc6ccd9cb___JR_HL 9772_final_masked.jpg,healthy
657,f94456da-a0d9-4dfc-80ed-0b2d597c5479___JR_HL 3997_final_masked.jpg,healthy
658,f9905e57-5799-4122-9626-d2e575e60389___JR_HL 9743_final_masked.jpg,healthy
659,f9b20931-a503-421f-a8d2-59fa99d0b41a___JR_HL 4221_final_masked.jpg,healthy
660,f9b8d4e1-ad95-4bb2-b494-22c3004dda8f___JR_HL 9561_final_masked.jpg,healthy
661,f9bbc17b-817f-46e6-91eb-e872e3cf04da___JR_HL 4168_final_masked.jpg,healthy
662,f9ece352-c99c-4d2f-a53f-9a7f88867d03___JR_HL 9874 copy_final_masked.jpg,healthy
663,fa9e9f01-2dfd-4c5f-877b-a06328742005___JR_HL 4273_final_masked.jpg,healthy
664,fb345059-8287-4955-a49c-e0bcd2ce8a92___JR_HL 4172_final_masked.jpg,healthy
665,fb875b22-ebb7-4100-ac70-ed127e9f1033___JR_HL 9623_final_masked.jpg,healthy
666,fbc4b288-cdef-4634-b619-155a9bb64dec___JR_HL 9675_final_masked.jpg,healthy
667,fbe2d91f-dce3-4e45-8d56-c0179460478a___JR_HL 9785_final_masked.jpg,healthy
668,fc3797d0-32dc-4871-ab1f-d6def737a0a5___JR_HL 4199_final_masked.jpg,healthy
669,fc52c53b-c73d-4b4e-a35c-0cbbc2e644f3___JR_HL 9453_final_masked.jpg,healthy
670,fc9a5244-238a-4e19-9e07-80819941f414___JR_HL 4006_final_masked.jpg,healthy
671,fcaab4fb-6317-4cae-b798-238ef0e32c1a___JR_HL 4217_final_masked.jpg,healthy
672,fcbfc642-292b-4929-aa92-79457994c64f___JR_HL 4030_final_masked.jpg,healthy
673,fcdf9151-87bd-49bb-9069-06ebe74fb109___JR_HL 4051_final_masked.jpg,healthy
674,fd42f40b-d7f2-467f-a00f-9800d63e0946___JR_HL 9718_final_masked.jpg,healthy
675,fd56f291-68f0-4cb6-93ed-3ba1295ebbe5___JR_HL 9699_final_masked.jpg,healthy
676,fe061ef6-f54a-4edd-8ac2-03a2397c6df8___JR_HL 4160_final_masked.jpg,healthy
677,fe976376-e7b0-4052-831d-86e7c7a85c03___JR_HL 4141_final_masked.jpg,healthy
678,feee45d9-e66f-499f-8ca9-e76881aa10ab___JR_HL 9756_final_masked.jpg,healthy
679,ff11a187-14dc-4743-9930-1e1cf276273b___JR_HL 4101_final_masked.jpg,healthy
680,ffba4782-60e5-4757-9b77-32b08b670e0f___JR_HL 9601_final_masked.jpg,healthy
